{
    "metrics": {
        "data_received": {
            "count": 341374372,
            "rate": 5570011.377404733
        },
        "data_sent": {
            "count": 3406484,
            "rate": 55581.6610537688
        },
        "dropped_iterations": {
            "count": 14079,
            "rate": 229.71903169837609
        },
        "failed requests": {
            "fails": 27922,
            "passes": 0,
            "thresholds": {
                "rate<0.1": false
            },
            "value": 0
        },
        "http_req_blocked": {
            "avg": 0.33358204451684764,
            "max": 628.754269,
            "med": 0.00349,
            "min": 0.00135,
            "p(90)": 0.0057,
            "p(95)": 0.01515
        },
        "http_req_connecting": {
            "avg": 0.32043012151708333,
            "max": 628.713259,
            "med": 0,
            "min": 0,
            "p(90)": 0,
            "p(95)": 0
        },
        "http_req_duration": {
            "avg": 1041.2074745441573,
            "max": 11872.59535,
            "med": 795.255809,
            "min": 7.538444,
            "p(90)": 2355.1707829,
            "p(95)": 3024.73545985,
            "thresholds": {
                "p(95)<1000": true
            }
        },
        "http_req_receiving": {
            "avg": 0.15809640000716374,
            "max": 34.069167,
            "med": 0.0534505,
            "min": 0.01855,
            "p(90)": 0.13448510000000008,
            "p(95)": 0.43218794999999743
        },
        "http_req_sending": {
            "avg": 0.19536694466728824,
            "max": 42.733892,
            "med": 0.02838,
            "min": 0.00774,
            "p(90)": 0.05269,
            "p(95)": 0.24943644999999917
        },
        "http_req_tls_handshaking": {
            "avg": 0,
            "max": 0,
            "med": 0,
            "min": 0,
            "p(90)": 0,
            "p(95)": 0
        },
        "http_req_waiting": {
            "avg": 1040.8540111994828,
            "max": 11872.471299,
            "med": 795.140701,
            "min": 6.709243,
            "p(90)": 2354.2571498000007,
            "p(95)": 3024.65026795
        },
        "http_reqs": {
            "count": 27922,
            "rate": 455.58738568662955
        },
        "iteration_duration": {
            "avg": 1041.796106015754,
            "max": 11873.053702,
            "med": 795.839493,
            "min": 7.741885,
            "p(90)": 2355.574926800001,
            "p(95)": 3024.9865378
        },
        "iterations": {
            "count": 27922,
            "rate": 455.58738568662955
        },
        "vus": {
            "max": 600,
            "min": 115,
            "value": 600
        },
        "vus_max": {
            "max": 600,
            "min": 115,
            "value": 600
        }
    },
    "root_group": {
        "name": "",
        "path": "",
        "id": "d41d8cd98f00b204e9800998ecf8427e",
        "groups": {},
        "checks": {}
    }
}
