{
    "metrics": {
        "data_received": {
            "count": 23906150,
            "rate": 398020.47673641524
        },
        "data_sent": {
            "count": 8490805,
            "rate": 141365.89346155437
        },
        "dropped_iterations": {
            "count": 1567,
            "rate": 26.089440878015182
        },
        "failed requests": {
            "fails": 82435,
            "passes": 0,
            "thresholds": {
                "rate<0.1": false
            },
            "value": 0
        },
        "http_req_blocked": {
            "avg": 0.07096954336142931,
            "max": 1500.59115,
            "med": 0.00322,
            "min": 0.00123,
            "p(90)": 0.0044,
            "p(95)": 0.00564
        },
        "http_req_connecting": {
            "avg": 0.06522339463819982,
            "max": 1500.244367,
            "med": 0,
            "min": 0,
            "p(90)": 0,
            "p(95)": 0
        },
        "http_req_duration": {
            "avg": 59.21141558317469,
            "max": 2155.307464,
            "med": 50.155165,
            "min": 0.877157,
            "p(90)": 118.2153814,
            "p(95)": 133.970867,
            "thresholds": {
                "p(95)<1000": false
            }
        },
        "http_req_receiving": {
            "avg": 0.10666700157700114,
            "max": 50.7934,
            "med": 0.031731,
            "min": 0.01075,
            "p(90)": 0.06989600000000006,
            "p(95)": 0.1798713
        },
        "http_req_sending": {
            "avg": 0.23448659507490532,
            "max": 74.217595,
            "med": 0.02725,
            "min": 0.00677,
            "p(90)": 0.053031,
            "p(95)": 0.12676300000000013
        },
        "http_req_tls_handshaking": {
            "avg": 0,
            "max": 0,
            "med": 0,
            "min": 0,
            "p(90)": 0,
            "p(95)": 0
        },
        "http_req_waiting": {
            "avg": 58.87026198652182,
            "max": 2154.88213,
            "med": 49.822441,
            "min": 0.841467,
            "p(90)": 117.8586556,
            "p(95)": 133.3383563000001
        },
        "http_reqs": {
            "count": 82435,
            "rate": 1372.484402539363
        },
        "iteration_duration": {
            "avg": 59.43640503431876,
            "max": 2155.506486,
            "med": 50.318476,
            "min": 0.967438,
            "p(90)": 118.3956128,
            "p(95)": 134.18845500000003
        },
        "iterations": {
            "count": 82435,
            "rate": 1372.484402539363
        },
        "vus": {
            "max": 230,
            "min": 106,
            "value": 230
        },
        "vus_max": {
            "max": 230,
            "min": 106,
            "value": 230
        }
    },
    "root_group": {
        "name": "",
        "path": "",
        "id": "d41d8cd98f00b204e9800998ecf8427e",
        "groups": {},
        "checks": {}
    }
}
