{
    "metrics": {
        "data_received": {
            "count": 5136303,
            "rate": 83055.70990370955
        },
        "data_sent": {
            "count": 239511944,
            "rate": 3872986.9595577843
        },
        "dropped_iterations": {
            "count": 1529,
            "rate": 24.724433204733423
        },
        "failed requests": {
            "fails": 34471,
            "passes": 0,
            "thresholds": {
                "rate<0.1": false
            },
            "value": 0
        },
        "http_req_blocked": {
            "avg": 0.04347154609538486,
            "max": 271.443479,
            "med": 0.00432,
            "min": 0.00222,
            "p(90)": 0.00686,
            "p(95)": 0.01297
        },
        "http_req_connecting": {
            "avg": 0.009034527558598283,
            "max": 73.850858,
            "med": 0,
            "min": 0,
            "p(90)": 0,
            "p(95)": 0
        },
        "http_req_duration": {
            "avg": 52.96281086171306,
            "max": 1785.401512,
            "med": 15.248088,
            "min": 2.152714,
            "p(90)": 165.48840940000005,
            "p(95)": 210.86205144999997,
            "thresholds": {
                "p(95)<1000": false
            }
        },
        "http_req_receiving": {
            "avg": 0.14676440461823761,
            "max": 161.054165,
            "med": 0.03418,
            "min": 0.01157,
            "p(90)": 0.0625309,
            "p(95)": 0.08111045
        },
        "http_req_sending": {
            "avg": 10.242270990775085,
            "max": 237.114992,
            "med": 0.073325,
            "min": 0.024331,
            "p(90)": 43.8324111,
            "p(95)": 77.66602655
        },
        "http_req_tls_handshaking": {
            "avg": 0,
            "max": 0,
            "med": 0,
            "min": 0,
            "p(90)": 0,
            "p(95)": 0
        },
        "http_req_waiting": {
            "avg": 42.57377546632051,
            "max": 1785.216952,
            "med": 13.873563,
            "min": 2.067343,
            "p(90)": 136.84855070000003,
            "p(95)": 177.45370849999995
        },
        "http_reqs": {
            "count": 34472,
            "rate": 557.4235849794444
        },
        "iteration_duration": {
            "avg": 54.72359468072612,
            "max": 1785.931843,
            "med": 16.6274095,
            "min": 3.052202,
            "p(90)": 168.1767566,
            "p(95)": 214.06495304999984
        },
        "iterations": {
            "count": 34471,
            "rate": 557.4074146503374
        },
        "vus": {
            "max": 162,
            "min": 0,
            "value": 0
        },
        "vus_max": {
            "max": 162,
            "min": 101,
            "value": 162
        }
    },
    "root_group": {
        "name": "",
        "path": "",
        "id": "d41d8cd98f00b204e9800998ecf8427e",
        "groups": {
            "teardown": {
                "name": "teardown",
                "path": "::teardown",
                "id": "a8a9942382e8ffe2e56ef29e664b8229",
                "groups": {},
                "checks": {}
            }
        },
        "checks": {}
    }
}
