{
    "metrics": {
        "data_received": {
            "count": 38572063,
            "rate": 639368.6836534912
        },
        "data_sent": {
            "count": 32940916,
            "rate": 546027.0585283507
        },
        "dropped_iterations": {
            "count": 8480,
            "rate": 140.56407709853647
        },
        "failed requests": {
            "fails": 69521,
            "passes": 0,
            "thresholds": {
                "rate<0.1": false
            },
            "value": 0
        },
        "http_req_blocked": {
            "avg": 0.05650350338022809,
            "max": 253.306359,
            "med": 0.00342,
            "min": 0.00146,
            "p(90)": 0.00536,
            "p(95)": 0.011839499999999972
        },
        "http_req_connecting": {
            "avg": 0.020110025215039854,
            "max": 86.367117,
            "med": 0,
            "min": 0,
            "p(90)": 0,
            "p(95)": 0
        },
        "http_req_duration": {
            "avg": 258.0623836538624,
            "max": 861.37628,
            "med": 253.6799655,
            "min": 1.563056,
            "p(90)": 408.6953513,
            "p(95)": 453.3466939,
            "thresholds": {
                "p(95)<1000": false
            }
        },
        "http_req_receiving": {
            "avg": 0.605671990046324,
            "max": 289.911892,
            "med": 0.02827,
            "min": 0.01147,
            "p(90)": 0.082881,
            "p(95)": 0.46572549999999946
        },
        "http_req_sending": {
            "avg": 9.074574696743491,
            "max": 366.637438,
            "med": 0.03309,
            "min": 0.01024,
            "p(90)": 19.955073000000002,
            "p(95)": 66.3257595
        },
        "http_req_tls_handshaking": {
            "avg": 0,
            "max": 0,
            "med": 0,
            "min": 0,
            "p(90)": 0,
            "p(95)": 0
        },
        "http_req_waiting": {
            "avg": 248.38213696707805,
            "max": 713.934518,
            "med": 248.810384,
            "min": 1.496166,
            "p(90)": 396.07328,
            "p(95)": 420.40619125
        },
        "http_reqs": {
            "count": 69522,
            "rate": 1152.3933688731665
        },
        "iteration_duration": {
            "avg": 259.5261250199672,
            "max": 861.949177,
            "med": 255.072947,
            "min": 1.982872,
            "p(90)": 410.03379920000003,
            "p(95)": 454.76055749999995
        },
        "iterations": {
            "count": 69521,
            "rate": 1152.3767929206786
        },
        "vus": {
            "max": 580,
            "min": 118,
            "value": 580
        },
        "vus_max": {
            "max": 580,
            "min": 118,
            "value": 580
        }
    },
    "root_group": {
        "name": "",
        "path": "",
        "id": "d41d8cd98f00b204e9800998ecf8427e",
        "groups": {
            "teardown": {
                "name": "teardown",
                "path": "::teardown",
                "id": "a8a9942382e8ffe2e56ef29e664b8229",
                "groups": {},
                "checks": {}
            }
        },
        "checks": {}
    }
}
