{
    "metrics": {
        "data_received": {
            "count": 5609080,
            "rate": 89796.99059126426
        },
        "data_sent": {
            "count": 266401856,
            "rate": 4264885.677638282
        },
        "dropped_iterations": {
            "count": 4357,
            "rate": 69.75216755798427
        },
        "failed requests": {
            "fails": 37644,
            "passes": 0,
            "thresholds": {
                "rate<0.1": false
            },
            "value": 0
        },
        "http_req_blocked": {
            "avg": 0.169848736512147,
            "max": 337.554273,
            "med": 0.00393,
            "min": 0.00172,
            "p(90)": 0.005936399999999987,
            "p(95)": 0.012837999999999957
        },
        "http_req_connecting": {
            "avg": 0.06132372705538585,
            "max": 160.34448,
            "med": 0,
            "min": 0,
            "p(90)": 0,
            "p(95)": 0
        },
        "http_req_duration": {
            "avg": 83.80448954442791,
            "max": 2407.558817,
            "med": 47.934545,
            "min": 1.971789,
            "p(90)": 231.83890519999994,
            "p(95)": 285.32848219999994,
            "thresholds": {
                "p(95)<1000": false
            }
        },
        "http_req_receiving": {
            "avg": 0.3411709385841443,
            "max": 215.427227,
            "med": 0.0319,
            "min": 0.01178,
            "p(90)": 0.059171,
            "p(95)": 0.07992699999999991
        },
        "http_req_sending": {
            "avg": 21.170293002257974,
            "max": 371.762782,
            "med": 0.05888,
            "min": 0.02344,
            "p(90)": 104.85992219999991,
            "p(95)": 153.89978079999972
        },
        "http_req_tls_handshaking": {
            "avg": 0,
            "max": 0,
            "med": 0,
            "min": 0,
            "p(90)": 0,
            "p(95)": 0
        },
        "http_req_waiting": {
            "avg": 62.29302560358626,
            "max": 2407.401795,
            "med": 38.249259,
            "min": 1.893329,
            "p(90)": 160.36840559999996,
            "p(95)": 206.73468459999987
        },
        "http_reqs": {
            "count": 37645,
            "rate": 602.6670524949087
        },
        "iteration_duration": {
            "avg": 86.16357759412918,
            "max": 2408.411495,
            "med": 51.853393,
            "min": 2.751318,
            "p(90)": 234.24427479999997,
            "p(95)": 287.70296379999996
        },
        "iterations": {
            "count": 37644,
            "rate": 602.6510432758228
        },
        "vus": {
            "max": 216,
            "min": 0,
            "value": 0
        },
        "vus_max": {
            "max": 216,
            "min": 102,
            "value": 216
        }
    },
    "root_group": {
        "name": "",
        "path": "",
        "id": "d41d8cd98f00b204e9800998ecf8427e",
        "groups": {
            "teardown": {
                "name": "teardown",
                "path": "::teardown",
                "id": "a8a9942382e8ffe2e56ef29e664b8229",
                "groups": {},
                "checks": {}
            }
        },
        "checks": {}
    }
}
