{
    "metrics": {
        "data_received": {
            "count": 1552336254,
            "rate": 19451277.52002897
        },
        "data_sent": {
            "count": 201656,
            "rate": 2526.815185480402
        },
        "dropped_iterations": {
            "count": 462,
            "rate": 5.78901007503841
        },
        "failed requests": {
            "fails": 1939,
            "passes": 0,
            "thresholds": {
                "rate<0.1": false
            },
            "value": 0
        },
        "http_req_blocked": {
            "avg": 22.948357727694667,
            "max": 2730.569648,
            "med": 0.00482,
            "min": 0.00234,
            "p(90)": 0.894614,
            "p(95)": 2.7025531999999726
        },
        "http_req_connecting": {
            "avg": 22.898978894275402,
            "max": 2730.524846,
            "med": 0,
            "min": 0,
            "p(90)": 0.6565368,
            "p(95)": 2.2360205999999323
        },
        "http_req_duration": {
            "avg": 10620.955909695715,
            "max": 19906.743998,
            "med": 10550.77299,
            "min": 85.616355,
            "p(90)": 17977.1616872,
            "p(95)": 18849.3171615,
            "thresholds": {
                "p(95)<1000": true
            }
        },
        "http_req_receiving": {
            "avg": 54.19951133728732,
            "max": 5612.038773,
            "med": 28.082219,
            "min": 5.703442,
            "p(90)": 71.58762320000001,
            "p(95)": 88.5234931
        },
        "http_req_sending": {
            "avg": 0.06455453842186691,
            "max": 2.921192,
            "med": 0.03865,
            "min": 0.01019,
            "p(90)": 0.0765582,
            "p(95)": 0.0955401
        },
        "http_req_tls_handshaking": {
            "avg": 0,
            "max": 0,
            "med": 0,
            "min": 0,
            "p(90)": 0,
            "p(95)": 0
        },
        "http_req_waiting": {
            "avg": 10566.691843820025,
            "max": 19735.017546,
            "med": 10462.746616,
            "min": 73.270293,
            "p(90)": 17921.64708,
            "p(95)": 18788.339290699998
        },
        "http_reqs": {
            "count": 1939,
            "rate": 24.29629986038848
        },
        "iteration_duration": {
            "avg": 10644.216699481183,
            "max": 19908.229089,
            "med": 10592.552022,
            "min": 86.933864,
            "p(90)": 17977.6259502,
            "p(95)": 18849.7936393
        },
        "iterations": {
            "count": 1939,
            "rate": 24.29629986038848
        },
        "vus": {
            "max": 487,
            "min": 100,
            "value": 487
        },
        "vus_max": {
            "max": 487,
            "min": 100,
            "value": 487
        }
    },
    "root_group": {
        "name": "",
        "path": "",
        "id": "d41d8cd98f00b204e9800998ecf8427e",
        "groups": {},
        "checks": {}
    }
}
