{
    "metrics": {
        "data_received": {
            "count": 31015117,
            "rate": 515091.04847307137
        },
        "data_sent": {
            "count": 26429320,
            "rate": 438931.31691975606
        },
        "dropped_iterations": {
            "count": 4078,
            "rate": 67.72637019790011
        },
        "failed requests": {
            "fails": 55925,
            "passes": 0,
            "thresholds": {
                "rate<0.1": false
            },
            "value": 0
        },
        "http_req_blocked": {
            "avg": 0.033093439384189294,
            "max": 155.890468,
            "med": 0.00378,
            "min": 0.00168,
            "p(90)": 0.00592,
            "p(95)": 0.0125
        },
        "http_req_connecting": {
            "avg": 0.017664813682365964,
            "max": 110.719408,
            "med": 0,
            "min": 0,
            "p(90)": 0,
            "p(95)": 0
        },
        "http_req_duration": {
            "avg": 315.39224889241245,
            "max": 824.408684,
            "med": 320.2049115,
            "min": 2.621165,
            "p(90)": 513.391029,
            "p(95)": 536.10789625,
            "thresholds": {
                "p(95)<1000": false
            }
        },
        "http_req_receiving": {
            "avg": 0.2602730290741369,
            "max": 212.657013,
            "med": 0.033021,
            "min": 0.012131,
            "p(90)": 0.085861,
            "p(95)": 0.47365475
        },
        "http_req_sending": {
            "avg": 3.4094125177734758,
            "max": 378.145599,
            "med": 0.0349955,
            "min": 0.01108,
            "p(90)": 0.708392,
            "p(95)": 13.26313925
        },
        "http_req_tls_handshaking": {
            "avg": 0,
            "max": 0,
            "med": 0,
            "min": 0,
            "p(90)": 0,
            "p(95)": 0
        },
        "http_req_waiting": {
            "avg": 311.72256334556477,
            "max": 619.083226,
            "med": 316.05192350000004,
            "min": 2.545404,
            "p(90)": 509.9391655,
            "p(95)": 532.96402025
        },
        "http_reqs": {
            "count": 55926,
            "rate": 928.8045560784113
        },
        "iteration_duration": {
            "avg": 315.8932566582439,
            "max": 825.283933,
            "med": 320.573753,
            "min": 3.10167,
            "p(90)": 514.114207,
            "p(95)": 536.6298995
        },
        "iterations": {
            "count": 55925,
            "rate": 928.7879483368229
        },
        "vus": {
            "max": 556,
            "min": 107,
            "value": 556
        },
        "vus_max": {
            "max": 556,
            "min": 107,
            "value": 556
        }
    },
    "root_group": {
        "name": "",
        "path": "",
        "id": "d41d8cd98f00b204e9800998ecf8427e",
        "groups": {
            "teardown": {
                "name": "teardown",
                "path": "::teardown",
                "id": "a8a9942382e8ffe2e56ef29e664b8229",
                "groups": {},
                "checks": {}
            }
        },
        "checks": {}
    }
}
