{
    "metrics": {
        "data_received": {
            "count": 5143008,
            "rate": 82073.86648024715
        },
        "data_sent": {
            "count": 239735952,
            "rate": 3825787.6548049194
        },
        "dropped_iterations": {
            "count": 1485,
            "rate": 23.6981338009132
        },
        "failed requests": {
            "fails": 34516,
            "passes": 0,
            "thresholds": {
                "rate<0.1": false
            },
            "value": 0
        },
        "http_req_blocked": {
            "avg": 0.04915012072312469,
            "max": 185.99953,
            "med": 0.00369,
            "min": 0.00203,
            "p(90)": 0.005591,
            "p(95)": 0.01201
        },
        "http_req_connecting": {
            "avg": 0.013678814728974129,
            "max": 59.861907,
            "med": 0,
            "min": 0,
            "p(90)": 0,
            "p(95)": 0
        },
        "http_req_duration": {
            "avg": 61.61712441498385,
            "max": 2609.747874,
            "med": 6.920208,
            "min": 2.402723,
            "p(90)": 196.81755040000004,
            "p(95)": 237.2387384,
            "thresholds": {
                "p(95)<1000": false
            }
        },
        "http_req_receiving": {
            "avg": 0.12267433117014641,
            "max": 171.175845,
            "med": 0.03181,
            "min": 0.01183,
            "p(90)": 0.056981,
            "p(95)": 0.06672479999999995
        },
        "http_req_sending": {
            "avg": 8.051177972158618,
            "max": 194.091409,
            "med": 0.05855,
            "min": 0.02492,
            "p(90)": 31.956609400000094,
            "p(95)": 60.616932199999994
        },
        "http_req_tls_handshaking": {
            "avg": 0,
            "max": 0,
            "med": 0,
            "min": 0,
            "p(90)": 0,
            "p(95)": 0
        },
        "http_req_waiting": {
            "avg": 53.44327211165536,
            "max": 2609.587783,
            "med": 6.704715,
            "min": 2.324322,
            "p(90)": 179.56153160000002,
            "p(95)": 214.18398779999998
        },
        "http_reqs": {
            "count": 34517,
            "rate": 550.8339962330781
        },
        "iteration_duration": {
            "avg": 63.31788084766943,
            "max": 2610.603363,
            "med": 7.995668,
            "min": 3.148221,
            "p(90)": 199.31589860000003,
            "p(95)": 239.56249859999997
        },
        "iterations": {
            "count": 34516,
            "rate": 550.8180378938182
        },
        "vus": {
            "max": 176,
            "min": 0,
            "value": 0
        },
        "vus_max": {
            "max": 176,
            "min": 103,
            "value": 176
        }
    },
    "root_group": {
        "name": "",
        "path": "",
        "id": "d41d8cd98f00b204e9800998ecf8427e",
        "groups": {
            "teardown": {
                "name": "teardown",
                "path": "::teardown",
                "id": "a8a9942382e8ffe2e56ef29e664b8229",
                "groups": {},
                "checks": {}
            }
        },
        "checks": {}
    }
}
