{
    "metrics": {
        "data_received": {
            "count": 311897486,
            "rate": 5084297.417125539
        },
        "data_sent": {
            "count": 3086831,
            "rate": 50318.991286781464
        },
        "dropped_iterations": {
            "count": 4490,
            "rate": 73.19230332909342
        },
        "failed requests": {
            "fails": 25511,
            "passes": 0,
            "thresholds": {
                "rate<0.1": false
            },
            "value": 0
        },
        "http_req_blocked": {
            "avg": 0.028967350672259855,
            "max": 44.130873,
            "med": 0.00284,
            "min": 0.00145,
            "p(90)": 0.00543,
            "p(95)": 0.01565
        },
        "http_req_connecting": {
            "avg": 0.017917504292266087,
            "max": 22.482969,
            "med": 0,
            "min": 0,
            "p(90)": 0,
            "p(95)": 0
        },
        "http_req_duration": {
            "avg": 1016.6460334471451,
            "max": 1572.343045,
            "med": 1105.99932,
            "min": 20.96092,
            "p(90)": 1532.776081,
            "p(95)": 1544.7214105,
            "thresholds": {
                "p(95)<1000": true
            }
        },
        "http_req_receiving": {
            "avg": 0.140050178785622,
            "max": 21.896976,
            "med": 0.09632,
            "min": 0.01886,
            "p(90)": 0.173871,
            "p(95)": 0.37384300000000004
        },
        "http_req_sending": {
            "avg": 0.0836163626670843,
            "max": 23.317965,
            "med": 0.0262,
            "min": 0.00723,
            "p(90)": 0.04926,
            "p(95)": 0.0676055
        },
        "http_req_tls_handshaking": {
            "avg": 0,
            "max": 0,
            "med": 0,
            "min": 0,
            "p(90)": 0,
            "p(95)": 0
        },
        "http_req_waiting": {
            "avg": 1016.4223669056855,
            "max": 1572.218354,
            "med": 1105.924789,
            "min": 20.834859,
            "p(90)": 1532.640934,
            "p(95)": 1544.57771
        },
        "http_reqs": {
            "count": 25511,
            "rate": 415.85943212216085
        },
        "iteration_duration": {
            "avg": 1016.8890638785232,
            "max": 1572.472756,
            "med": 1106.267892,
            "min": 21.15949,
            "p(90)": 1532.998345,
            "p(95)": 1545.0283060000002
        },
        "iterations": {
            "count": 25511,
            "rate": 415.85943212216085
        },
        "vus": {
            "max": 600,
            "min": 100,
            "value": 600
        },
        "vus_max": {
            "max": 600,
            "min": 100,
            "value": 600
        }
    },
    "root_group": {
        "name": "",
        "path": "",
        "id": "d41d8cd98f00b204e9800998ecf8427e",
        "groups": {},
        "checks": {}
    }
}
