{
    "metrics": {
        "data_received": {
            "count": 18285950,
            "rate": 295233.8108784044
        },
        "data_sent": {
            "count": 6431610,
            "rate": 103840.85761930086
        },
        "dropped_iterations": {
            "count": 2946,
            "rate": 47.56432161565461
        },
        "failed requests": {
            "fails": 63055,
            "passes": 0,
            "thresholds": {
                "rate<0.1": false
            },
            "value": 0
        },
        "http_req_blocked": {
            "avg": 0.04126438834351057,
            "max": 1766.436103,
            "med": 0.0033,
            "min": 0.00119,
            "p(90)": 0.00485,
            "p(95)": 0.00782
        },
        "http_req_connecting": {
            "avg": 0.03496717532313061,
            "max": 1766.017031,
            "med": 0,
            "min": 0,
            "p(90)": 0,
            "p(95)": 0
        },
        "http_req_duration": {
            "avg": 292.38911992817486,
            "max": 4116.808389,
            "med": 273.831515,
            "min": 1.238048,
            "p(90)": 435.2445204,
            "p(95)": 461.1950103,
            "thresholds": {
                "p(95)<1000": false
            }
        },
        "http_req_receiving": {
            "avg": 0.16201969636032326,
            "max": 150.476922,
            "med": 0.029,
            "min": 0.01156,
            "p(90)": 0.08193639999999999,
            "p(95)": 0.39848769999999933
        },
        "http_req_sending": {
            "avg": 0.8128988574577716,
            "max": 152.066087,
            "med": 0.02729,
            "min": 0.00739,
            "p(90)": 0.07139239999999998,
            "p(95)": 0.4443429999999991
        },
        "http_req_tls_handshaking": {
            "avg": 0,
            "max": 0,
            "med": 0,
            "min": 0,
            "p(90)": 0,
            "p(95)": 0
        },
        "http_req_waiting": {
            "avg": 291.4142013743556,
            "max": 4116.757789,
            "med": 273.210404,
            "min": 1.173088,
            "p(90)": 434.5092688,
            "p(95)": 460.13393130000003
        },
        "http_reqs": {
            "count": 63055,
            "rate": 1018.0476237186359
        },
        "iteration_duration": {
            "avg": 292.61663293914563,
            "max": 4117.017241,
            "med": 274.02228,
            "min": 1.390909,
            "p(90)": 435.5295086,
            "p(95)": 461.3828617
        },
        "iterations": {
            "count": 63055,
            "rate": 1018.0476237186359
        },
        "vus": {
            "max": 529,
            "min": 110,
            "value": 529
        },
        "vus_max": {
            "max": 529,
            "min": 110,
            "value": 529
        }
    },
    "root_group": {
        "name": "",
        "path": "",
        "id": "d41d8cd98f00b204e9800998ecf8427e",
        "groups": {},
        "checks": {}
    }
}
