{
    "metrics": {
        "data_received": {
            "count": 1674025326,
            "rate": 22773387.7808882
        },
        "data_sent": {
            "count": 219555,
            "rate": 2986.8193011035182
        },
        "dropped_iterations": {
            "count": 310,
            "rate": 4.217230230885612
        },
        "failed requests": {
            "fails": 2091,
            "passes": 0,
            "thresholds": {
                "rate<0.1": false
            },
            "value": 0
        },
        "http_req_blocked": {
            "avg": 0.10145238067910119,
            "max": 9.668114,
            "med": 0.0048,
            "min": 0.00228,
            "p(90)": 0.411162,
            "p(95)": 0.550338
        },
        "http_req_connecting": {
            "avg": 0.06677316786226682,
            "max": 9.490843,
            "med": 0,
            "min": 0,
            "p(90)": 0.298472,
            "p(95)": 0.319912
        },
        "http_req_duration": {
            "avg": 7473.291236780958,
            "max": 44968.354776,
            "med": 5690.880756,
            "min": 71.633312,
            "p(90)": 16681.014388,
            "p(95)": 21391.78235,
            "thresholds": {
                "p(95)<1000": true
            }
        },
        "http_req_receiving": {
            "avg": 1.21196458058345,
            "max": 13.116373,
            "med": 1.047056,
            "min": 0.283331,
            "p(90)": 1.477848,
            "p(95)": 1.898296
        },
        "http_req_sending": {
            "avg": 0.04682843089430896,
            "max": 5.939503,
            "med": 0.038781,
            "min": 0.0124,
            "p(90)": 0.071751,
            "p(95)": 0.084005
        },
        "http_req_tls_handshaking": {
            "avg": 0,
            "max": 0,
            "med": 0,
            "min": 0,
            "p(90)": 0,
            "p(95)": 0
        },
        "http_req_waiting": {
            "avg": 7472.0324437694735,
            "max": 44967.313959,
            "med": 5689.948751,
            "min": 69.629471,
            "p(90)": 16679.079077,
            "p(95)": 21390.1305455
        },
        "http_reqs": {
            "count": 2091,
            "rate": 28.44589810574779
        },
        "iteration_duration": {
            "avg": 7473.664281212336,
            "max": 44968.567286,
            "med": 5691.219779,
            "min": 73.204691,
            "p(90)": 16682.026864,
            "p(95)": 21392.3454035
        },
        "iterations": {
            "count": 2091,
            "rate": 28.44589810574779
        },
        "vus": {
            "max": 388,
            "min": 100,
            "value": 388
        },
        "vus_max": {
            "max": 388,
            "min": 100,
            "value": 388
        }
    },
    "root_group": {
        "name": "",
        "path": "",
        "id": "d41d8cd98f00b204e9800998ecf8427e",
        "groups": {},
        "checks": {}
    }
}
