{
    "metrics": {
        "data_received": {
            "count": 5314358,
            "rate": 85866.89093653187
        },
        "data_sent": {
            "count": 252379403,
            "rate": 4077827.4011701928
        },
        "dropped_iterations": {
            "count": 6336,
            "rate": 102.37410068607834
        },
        "failed requests": {
            "fails": 35666,
            "passes": 0,
            "thresholds": {
                "rate<0.1": false
            },
            "value": 0
        },
        "http_req_blocked": {
            "avg": 0.26535993977625555,
            "max": 1199.321806,
            "med": 0.00412,
            "min": 0.00205,
            "p(90)": 0.00693,
            "p(95)": 0.012897299999999974
        },
        "http_req_connecting": {
            "avg": 0.1386687001990636,
            "max": 1151.370222,
            "med": 0,
            "min": 0,
            "p(90)": 0,
            "p(95)": 0
        },
        "http_req_duration": {
            "avg": 76.1380284365656,
            "max": 4147.555979,
            "med": 5.69996,
            "min": 1.738786,
            "p(90)": 209.8551718,
            "p(95)": 279.5767318999999,
            "thresholds": {
                "p(95)<1000": false
            }
        },
        "http_req_receiving": {
            "avg": 0.3517563145204229,
            "max": 218.816594,
            "med": 0.03324,
            "min": 0.01235,
            "p(90)": 0.0616504,
            "p(95)": 0.08718499999999994
        },
        "http_req_sending": {
            "avg": 23.524499942551927,
            "max": 406.440914,
            "med": 0.070601,
            "min": 0.02455,
            "p(90)": 110.2687422,
            "p(95)": 170.75414099999995
        },
        "http_req_tls_handshaking": {
            "avg": 0,
            "max": 0,
            "med": 0,
            "min": 0,
            "p(90)": 0,
            "p(95)": 0
        },
        "http_req_waiting": {
            "avg": 52.26177217949356,
            "max": 4147.314107,
            "med": 5.386627,
            "min": 1.671875,
            "p(90)": 118.25376940000005,
            "p(95)": 163.40994629999997
        },
        "http_reqs": {
            "count": 35667,
            "rate": 576.2905696291598
        },
        "iteration_duration": {
            "avg": 78.7616256510505,
            "max": 4148.321046,
            "med": 6.778869,
            "min": 2.576773,
            "p(90)": 213.8370798,
            "p(95)": 282.705146
        },
        "iterations": {
            "count": 35666,
            "rate": 576.2744121006424
        },
        "vus": {
            "max": 214,
            "min": 0,
            "value": 0
        },
        "vus_max": {
            "max": 215,
            "min": 104,
            "value": 215
        }
    },
    "root_group": {
        "name": "",
        "path": "",
        "id": "d41d8cd98f00b204e9800998ecf8427e",
        "groups": {
            "teardown": {
                "name": "teardown",
                "path": "::teardown",
                "id": "a8a9942382e8ffe2e56ef29e664b8229",
                "groups": {},
                "checks": {}
            }
        },
        "checks": {}
    }
}
